Identifier,Responsible partner,"Version (optional)
","Competency Question /
 Natural language sentence (fact)",Answer (For Competency Questions),"Status (Proposed, Accepted, Rejected, Deprecated)",Comments (optional),Extracted from (provenance),"Priority 
(High, Medium, Low) (optional)",Relation with other requirements (optional),Associated ontology elements,Relation to ontology elements in other domains
TRA01,UPM,v0.1.0,¿En qué tramo ocurre cada incidencia registrada?,,Proposed,,,,,,
TRA02,UPM,v0.1.0,¿Qué incidencias son planificadas y cuáles no?,,Proposed,,,,,,
TRA03,UPM,v0.1.0,¿Qué incidencias están activas en un intervalo temporal?,,Proposed,,,,,,
TRA04,UPM,v0.1.0,¿Qué equipos monitorizan cada tramo?,,Proposed,,,,,,
TRA05,UPM,v0.1.0,¿Qué observaciones de tráfico se han realizado y qué sensores las han generado?,,Proposed,,,,,,
TRA06,UPM,v0.1.0,¿Qué valores de velocidad se han observado?,,Proposed,análogo para otras propiedades,,,,,
TRA07,UPM,v0.1.0,¿Qué tramos presentan mayor carga de tráfico?,,Proposed,,,,,,
TRA08,UPM,v0.1.0,¿Cuáles son los valores de intensidad en tiempo real registrados las estaciones que se encuentran en una calle determinada?,,Proposed,,,,,,
TRA09,UPM,v0.1.0,¿Cuáles son las incidencias de tráfico en una fecha dada?,,Proposed,,,,,,